model,n,p,seed,nr_cliques,max_clique,time_cliques
dense_gnp,20,0.6,17,69,6,0.068654
superdense_gnp,20,0.6,17,69,6,0.203797
dense_gnp,20,0.6,1928,69,5,0.167270
superdense_gnp,20,0.6,1928,69,5,0.167131
dense_gnp,20,0.6,2839,74,7,0.261695
superdense_gnp,20,0.6,2839,74,7,0.250800
dense_gnp,20,0.6,291,69,6,0.076267
superdense_gnp,20,0.6,291,69,6,0.226565
dense_gnp,20,0.6,34,73,7,0.073892
superdense_gnp,20,0.6,34,73,7,0.225378
dense_gnp,20,0.6,3728,59,6,0.172578
superdense_gnp,20,0.6,3728,59,6,0.170063
dense_gnp,20,0.6,4029,76,7,0.077803
superdense_gnp,20,0.6,4029,76,7,0.248705
dense_gnp,20,0.6,482,47,7,0.063485
superdense_gnp,20,0.6,482,47,7,0.189899
dense_gnp,20,0.6,56,66,7,0.230895
superdense_gnp,20,0.6,56,66,7,0.233061
dense_gnp,20,0.6,7821,69,5,0.185219
superdense_gnp,20,0.6,7821,69,5,0.138915
dense_gnp,20,0.6,917,62,5,0.167060
superdense_gnp,20,0.6,917,62,5,0.170761
dense_gnp,20,0.6,91928,97,6,0.084438
superdense_gnp,20,0.6,91928,97,6,0.107277
dense_gnp,20,0.6,92839,58,7,0.204216
superdense_gnp,20,0.6,92839,58,7,0.157911
dense_gnp,20,0.6,9291,98,6,0.092260
superdense_gnp,20,0.6,9291,98,6,0.218743
dense_gnp,20,0.6,934,66,7,0.074451
superdense_gnp,20,0.6,934,66,7,0.166083
dense_gnp,20,0.6,93728,68,6,0.223004
superdense_gnp,20,0.6,93728,68,6,0.293683
dense_gnp,20,0.6,94029,98,6,0.253314
superdense_gnp,20,0.6,94029,98,6,0.083600
dense_gnp,20,0.6,9482,64,6,0.064463
superdense_gnp,20,0.6,9482,64,6,0.067746
dense_gnp,20,0.6,956,64,6,0.068026
superdense_gnp,20,0.6,956,64,6,0.068584
dense_gnp,20,0.6,97821,73,6,0.161403
superdense_gnp,20,0.6,97821,73,6,0.218393
dense_gnp,20,0.7,17,77,7,0.087022
dense_gnp,20,0.7,1928,98,6,0.087791
dense_gnp,20,0.7,2839,64,9,0.109022
dense_gnp,20,0.7,291,65,8,0.089607
dense_gnp,20,0.7,34,112,8,0.299759
dense_gnp,20,0.7,3728,63,8,0.075707
dense_gnp,20,0.7,4029,68,9,0.275105
dense_gnp,20,0.7,482,65,8,0.235156
dense_gnp,20,0.7,56,83,8,0.098686
dense_gnp,20,0.7,7821,80,7,0.087651
dense_gnp,20,0.7,917,85,6,0.091073
dense_gnp,20,0.7,91928,92,8,0.294800
dense_gnp,20,0.7,92839,96,7,0.214412
dense_gnp,20,0.7,9291,93,8,0.302832
dense_gnp,20,0.7,934,59,9,0.257226
dense_gnp,20,0.7,93728,58,9,0.085835
dense_gnp,20,0.7,94029,126,7,0.109720
dense_gnp,20,0.7,9482,62,8,0.245702
dense_gnp,20,0.7,956,79,7,0.217486
dense_gnp,20,0.7,97821,82,9,0.094984
dense_gnp,20,0.8,17,80,10,0.112096
superdense_gnp,20,0.8,17,80,10,0.334260
dense_gnp,20,0.8,1928,83,9,0.133187
superdense_gnp,20,0.8,1928,83,9,0.110210
dense_gnp,20,0.8,2839,98,10,0.361219
superdense_gnp,20,0.8,2839,98,10,0.367784
dense_gnp,20,0.8,291,80,10,0.111607
superdense_gnp,20,0.8,291,80,10,0.313866
dense_gnp,20,0.8,34,91,10,0.119289
superdense_gnp,20,0.8,34,91,10,0.337124
dense_gnp,20,0.8,3728,99,8,0.244444
superdense_gnp,20,0.8,3728,99,8,0.327485
dense_gnp,20,0.8,4029,94,9,0.119708
superdense_gnp,20,0.8,4029,94,9,0.119778
dense_gnp,20,0.8,482,76,9,0.099314
superdense_gnp,20,0.8,482,76,9,0.099105
dense_gnp,20,0.8,56,70,9,0.106508
superdense_gnp,20,0.8,56,70,9,0.317987
dense_gnp,20,0.8,7821,84,9,0.113981
superdense_gnp,20,0.8,7821,84,9,0.120057
dense_gnp,20,0.8,917,82,9,0.116007
superdense_gnp,20,0.8,917,82,9,0.290051
dense_gnp,20,0.8,91928,76,11,0.128438
superdense_gnp,20,0.8,91928,76,11,0.338451
dense_gnp,20,0.8,92839,97,9,0.111187
superdense_gnp,20,0.8,92839,97,9,0.246819
dense_gnp,20,0.8,9291,79,10,0.141847
superdense_gnp,20,0.8,9291,79,10,0.123969
dense_gnp,20,0.8,934,81,10,0.134724
superdense_gnp,20,0.8,934,81,10,0.139334
dense_gnp,20,0.8,93728,90,10,0.115657
superdense_gnp,20,0.8,93728,90,10,0.328603
dense_gnp,20,0.8,94029,93,10,0.321060
superdense_gnp,20,0.8,94029,93,10,0.345784
dense_gnp,20,0.8,9482,75,10,0.310584
superdense_gnp,20,0.8,9482,75,10,0.314984
dense_gnp,20,0.8,956,92,9,0.137377
superdense_gnp,20,0.8,956,92,9,0.119498
dense_gnp,20,0.8,97821,80,10,0.331466
superdense_gnp,20,0.8,97821,80,10,0.116006
superdense_gnp,20,0.95,17,20,15,0.098896
superdense_gnp,20,0.95,1928,24,15,0.109162
superdense_gnp,20,0.95,2839,16,16,0.119288
superdense_gnp,20,0.95,291,16,16,0.088768
superdense_gnp,20,0.95,34,40,14,0.106228
superdense_gnp,20,0.95,3728,18,15,0.098965
superdense_gnp,20,0.95,4029,32,14,0.320292
superdense_gnp,20,0.95,482,128,12,0.311771
superdense_gnp,20,0.95,56,10,16,0.093448
superdense_gnp,20,0.95,7821,22,15,0.231943
superdense_gnp,20,0.95,917,96,12,0.379169
superdense_gnp,20,0.95,91928,4,18,0.078501
superdense_gnp,20,0.95,92839,56,14,0.125296
superdense_gnp,20,0.95,9291,12,16,0.208057
superdense_gnp,20,0.95,934,20,15,0.108604
superdense_gnp,20,0.95,93728,80,13,0.371137
superdense_gnp,20,0.95,94029,12,16,0.283346
superdense_gnp,20,0.95,9482,16,16,0.110000
superdense_gnp,20,0.95,956,48,14,0.333004
superdense_gnp,20,0.95,97821,18,15,0.108813
superdense_gnp,20,0.9,17,64,12,0.114610
dense_gnp,20,0.9,17,64,12,0.119988
superdense_gnp,20,0.9,1928,50,13,0.321829
dense_gnp,20,0.9,1928,50,13,0.321549
superdense_gnp,20,0.9,2839,64,14,0.127810
dense_gnp,20,0.9,2839,64,14,0.123898
superdense_gnp,20,0.9,291,17,14,0.273219
dense_gnp,20,0.9,291,17,14,0.094216
superdense_gnp,20,0.9,34,36,13,0.110349
dense_gnp,20,0.9,34,36,13,0.111327
superdense_gnp,20,0.9,3728,42,12,0.113562
dense_gnp,20,0.9,3728,42,12,0.247936
superdense_gnp,20,0.9,4029,48,12,0.117822
dense_gnp,20,0.9,4029,48,12,0.331397
superdense_gnp,20,0.9,482,63,11,0.303321
dense_gnp,20,0.9,482,63,11,0.310863
superdense_gnp,20,0.9,56,31,13,0.128717
dense_gnp,20,0.9,56,31,13,0.265187
superdense_gnp,20,0.9,7821,104,11,0.145899
dense_gnp,20,0.9,7821,104,11,0.416533
superdense_gnp,20,0.9,917,57,11,0.344108
dense_gnp,20,0.9,917,57,11,0.116845
superdense_gnp,20,0.9,91928,49,13,0.289842
dense_gnp,20,0.9,91928,49,13,0.121594
superdense_gnp,20,0.9,92839,105,12,0.132977
dense_gnp,20,0.9,92839,105,12,0.137936
superdense_gnp,20,0.9,9291,42,13,0.118800
dense_gnp,20,0.9,9291,42,13,0.339010
superdense_gnp,20,0.9,934,31,13,0.322178
dense_gnp,20,0.9,934,31,13,0.300178
superdense_gnp,20,0.9,93728,117,11,0.312889
dense_gnp,20,0.9,93728,117,11,0.142756
superdense_gnp,20,0.9,94029,16,15,0.281321
dense_gnp,20,0.9,94029,16,15,0.218604
superdense_gnp,20,0.9,9482,35,13,0.117263
dense_gnp,20,0.9,9482,35,13,0.115308
superdense_gnp,20,0.9,956,60,13,0.120895
dense_gnp,20,0.9,956,60,13,0.386712
superdense_gnp,20,0.9,97821,45,13,0.120197
dense_gnp,20,0.9,97821,45,13,0.253873
superdense_gnp,25,0.68,17,166,7,0.163638
superdense_gnp,25,0.68,1928,190,8,0.513403
superdense_gnp,25,0.68,2839,273,9,0.239974
superdense_gnp,25,0.68,291,218,9,0.604616
superdense_gnp,25,0.68,34,262,9,0.645333
superdense_gnp,25,0.68,3728,183,7,0.447613
superdense_gnp,25,0.68,4029,206,8,0.604895
superdense_gnp,25,0.68,482,157,8,0.482812
superdense_gnp,25,0.68,56,174,9,0.533238
superdense_gnp,25,0.68,7821,170,8,0.478762
superdense_gnp,25,0.68,917,162,7,0.353467
superdense_gnp,25,0.68,91928,202,9,0.195486
superdense_gnp,25,0.68,92839,167,7,0.353327
superdense_gnp,25,0.68,9291,190,9,0.427149
superdense_gnp,25,0.68,934,145,10,0.181028
superdense_gnp,25,0.68,93728,161,8,0.462489
superdense_gnp,25,0.68,94029,177,9,0.434971
superdense_gnp,25,0.68,9482,168,7,0.175720
superdense_gnp,25,0.68,956,194,8,0.179771
superdense_gnp,25,0.68,97821,194,9,0.540502
dense_gnp,25,0.6,17,113,7,0.347740
dense_gnp,25,0.6,1928,133,7,0.354375
dense_gnp,25,0.6,2839,188,8,0.479460
dense_gnp,25,0.6,291,178,7,0.485397
dense_gnp,25,0.6,34,145,7,0.422051
dense_gnp,25,0.6,3728,112,7,0.339150
dense_gnp,25,0.6,4029,136,8,0.404521
dense_gnp,25,0.6,482,124,7,0.349416
dense_gnp,25,0.6,56,155,8,0.435880
dense_gnp,25,0.6,7821,154,6,0.361638
dense_gnp,25,0.6,917,122,6,0.335239
dense_gnp,25,0.6,91928,147,7,0.388597
dense_gnp,25,0.6,92839,131,7,0.324832
dense_gnp,25,0.6,9291,183,7,0.461791
dense_gnp,25,0.6,934,137,7,0.386432
dense_gnp,25,0.6,93728,130,8,0.365759
dense_gnp,25,0.6,94029,159,7,0.423448
dense_gnp,25,0.6,9482,124,7,0.351092
dense_gnp,25,0.6,956,157,7,0.397955
dense_gnp,25,0.6,97821,127,8,0.394044
dense_gnp,25,0.7,17,174,8,0.176000
dense_gnp,25,0.7,1928,196,9,0.563898
dense_gnp,25,0.7,2839,334,9,0.690311
dense_gnp,25,0.7,291,232,9,0.489937
dense_gnp,25,0.7,34,253,10,0.226635
dense_gnp,25,0.7,3728,186,7,0.405009
dense_gnp,25,0.7,4029,255,8,0.639747
dense_gnp,25,0.7,482,178,8,0.392857
dense_gnp,25,0.7,56,200,9,0.209943
dense_gnp,25,0.7,7821,187,8,0.178374
dense_gnp,25,0.7,917,194,8,0.534077
dense_gnp,25,0.7,91928,207,9,0.555238
dense_gnp,25,0.7,92839,167,7,0.477505
dense_gnp,25,0.7,9291,187,9,0.558451
dense_gnp,25,0.7,934,153,10,0.578705
dense_gnp,25,0.7,93728,179,8,0.187174
dense_gnp,25,0.7,94029,181,9,0.614254
dense_gnp,25,0.7,9482,194,8,0.521226
dense_gnp,25,0.7,956,161,9,0.169924
dense_gnp,25,0.7,97821,251,9,0.547625
superdense_gnp,25,0.84,17,323,12,0.949283
superdense_gnp,25,0.84,1928,422,11,0.982597
superdense_gnp,25,0.84,2839,364,12,0.923581
superdense_gnp,25,0.84,291,366,12,0.922044
superdense_gnp,25,0.84,34,499,12,0.949283
superdense_gnp,25,0.84,3728,316,10,0.845289
superdense_gnp,25,0.84,4029,177,13,0.661676
superdense_gnp,25,0.84,482,282,10,0.839492
superdense_gnp,25,0.84,56,356,12,0.968629
superdense_gnp,25,0.84,7821,274,12,0.636254
superdense_gnp,25,0.84,917,266,12,0.293403
superdense_gnp,25,0.84,91928,450,11,0.994470
superdense_gnp,25,0.84,92839,296,12,0.822102
superdense_gnp,25,0.84,9291,211,14,0.748419
superdense_gnp,25,0.84,934,288,13,0.882235
superdense_gnp,25,0.84,93728,460,12,0.310166
superdense_gnp,25,0.84,94029,290,13,0.744298
superdense_gnp,25,0.84,9482,400,12,0.729213
superdense_gnp,25,0.84,956,315,11,0.314845
superdense_gnp,25,0.84,97821,288,13,0.327485
dense_gnp,25,0.8,17,225,11,0.772794
dense_gnp,25,0.8,1928,343,10,0.792768
dense_gnp,25,0.8,2839,376,12,0.738781
dense_gnp,25,0.8,291,288,12,0.798635
dense_gnp,25,0.8,34,300,12,0.812324
dense_gnp,25,0.8,3728,244,9,0.711124
dense_gnp,25,0.8,4029,184,12,0.642609
dense_gnp,25,0.8,482,218,10,0.738222
dense_gnp,25,0.8,56,250,11,0.707003
dense_gnp,25,0.8,7821,284,10,0.770000
dense_gnp,25,0.8,917,201,10,0.266794
dense_gnp,25,0.8,91928,299,10,0.299549
dense_gnp,25,0.8,92839,225,10,0.682210
dense_gnp,25,0.8,9291,223,11,0.267492
dense_gnp,25,0.8,934,237,13,0.278247
dense_gnp,25,0.8,93728,400,11,0.672013
dense_gnp,25,0.8,94029,249,11,0.742692
dense_gnp,25,0.8,9482,295,11,0.781174
dense_gnp,25,0.8,956,177,11,0.625917
dense_gnp,25,0.8,97821,234,11,0.722438
superdense_gnp,25,0.92,17,352,14,0.296755
superdense_gnp,25,0.92,1928,190,15,0.250660
superdense_gnp,25,0.92,2839,112,17,0.629550
superdense_gnp,25,0.92,291,99,16,0.218045
superdense_gnp,25,0.92,34,128,17,0.676972
superdense_gnp,25,0.92,3728,163,14,0.787391
superdense_gnp,25,0.92,4029,174,15,0.746045
superdense_gnp,25,0.92,482,260,14,0.304508
superdense_gnp,25,0.92,56,150,16,0.659441
superdense_gnp,25,0.92,7821,322,14,0.908775
superdense_gnp,25,0.92,917,96,15,0.580800
superdense_gnp,25,0.92,91928,110,16,0.237251
superdense_gnp,25,0.92,92839,316,14,0.708679
superdense_gnp,25,0.92,9291,104,17,0.478483
superdense_gnp,25,0.92,934,60,17,0.213016
superdense_gnp,25,0.92,93728,74,16,0.529746
superdense_gnp,25,0.92,94029,200,17,0.261346
superdense_gnp,25,0.92,9482,186,15,0.253175
superdense_gnp,25,0.92,956,448,15,0.886775
superdense_gnp,25,0.92,97821,176,16,0.261346
superdense_gnp,25,0.96,17,24,20,0.515988
superdense_gnp,25,0.96,1928,144,17,0.509213
superdense_gnp,25,0.96,2839,32,20,0.187594
superdense_gnp,25,0.96,291,24,20,0.483022
superdense_gnp,25,0.96,34,16,21,0.471778
superdense_gnp,25,0.96,3728,48,19,0.180749
superdense_gnp,25,0.96,4029,40,19,0.550419
superdense_gnp,25,0.96,482,384,16,0.676972
superdense_gnp,25,0.96,56,24,20,0.495874
superdense_gnp,25,0.96,7821,448,16,0.827479
superdense_gnp,25,0.96,917,128,17,0.637093
superdense_gnp,25,0.96,91928,48,19,0.182355
superdense_gnp,25,0.96,92839,80,18,0.220000
superdense_gnp,25,0.96,9291,48,19,0.570185
superdense_gnp,25,0.96,934,36,19,0.185428
superdense_gnp,25,0.96,93728,12,21,0.430083
superdense_gnp,25,0.96,94029,72,18,0.611530
superdense_gnp,25,0.96,9482,160,17,0.223981
superdense_gnp,25,0.96,956,216,16,0.562781
superdense_gnp,25,0.96,97821,96,18,0.208547
dense_gnp,25,0.9,17,396,13,0.930844
dense_gnp,25,0.9,1928,390,14,1.049715
dense_gnp,25,0.9,2839,174,15,0.751702
dense_gnp,25,0.9,291,96,16,0.631156
dense_gnp,25,0.9,34,144,16,0.647499
dense_gnp,25,0.9,3728,214,13,0.775517
dense_gnp,25,0.9,4029,160,15,0.662374
dense_gnp,25,0.9,482,209,14,0.763574
dense_gnp,25,0.9,56,175,14,0.754146
dense_gnp,25,0.9,7821,254,14,0.848921
dense_gnp,25,0.9,917,220,13,0.748209
dense_gnp,25,0.9,91928,340,14,0.299829
dense_gnp,25,0.9,92839,201,14,0.736826
dense_gnp,25,0.9,9291,112,16,0.274267
dense_gnp,25,0.9,934,79,16,0.507676
dense_gnp,25,0.9,93728,104,15,0.624801
dense_gnp,25,0.9,94029,222,16,0.276711
dense_gnp,25,0.9,9482,150,15,0.258133
dense_gnp,25,0.9,956,376,14,0.805131
dense_gnp,25,0.9,97821,272,15,0.676133
dense_gnp,30,0.6,17,195,8,0.595258
dense_gnp,30,0.6,1928,285,7,0.682629
dense_gnp,30,0.6,2839,291,9,0.739759
dense_gnp,30,0.6,291,326,9,0.825244
dense_gnp,30,0.6,34,294,7,0.740248
dense_gnp,30,0.6,3728,230,7,0.595048
dense_gnp,30,0.6,4029,371,7,0.823358
dense_gnp,30,0.6,482,239,7,0.649385
dense_gnp,30,0.6,56,369,8,0.965486
dense_gnp,30,0.6,7821,267,7,0.691638
dense_gnp,30,0.6,917,246,8,0.524438
dense_gnp,30,0.6,91928,272,7,0.237809
dense_gnp,30,0.6,92839,267,8,0.223702
dense_gnp,30,0.6,9291,319,8,0.285371
dense_gnp,30,0.6,934,303,8,0.285022
dense_gnp,30,0.6,93728,284,8,0.276362
dense_gnp,30,0.6,94029,287,7,0.722438
dense_gnp,30,0.6,9482,236,7,0.242280
dense_gnp,30,0.6,956,315,9,0.682490
dense_gnp,30,0.6,97821,261,8,0.542667
superdense_gnp,30,0.733333,17,311,11,0.985042
superdense_gnp,30,0.733333,1928,623,10,0.526883
superdense_gnp,30,0.733333,2839,506,11,0.453479
superdense_gnp,30,0.733333,291,549,10,1.440057
superdense_gnp,30,0.733333,34,701,10,0.565365
superdense_gnp,30,0.733333,3728,375,11,0.374489
superdense_gnp,30,0.733333,4029,914,11,1.769080
superdense_gnp,30,0.733333,482,584,10,1.120952
superdense_gnp,30,0.733333,56,644,11,1.492997
superdense_gnp,30,0.733333,7821,517,10,1.217334
superdense_gnp,30,0.733333,917,385,11,1.015353
superdense_gnp,30,0.733333,91928,569,9,0.560057
superdense_gnp,30,0.733333,92839,492,10,0.439721
superdense_gnp,30,0.733333,9291,695,9,1.360160
superdense_gnp,30,0.733333,934,703,11,0.731448
superdense_gnp,30,0.733333,93728,668,10,1.429790
superdense_gnp,30,0.733333,94029,437,11,1.137644
superdense_gnp,30,0.733333,9482,510,9,1.162508
superdense_gnp,30,0.733333,956,486,11,1.154057
superdense_gnp,30,0.733333,97821,561,11,1.352058
dense_gnp,30,0.7,17,256,10,0.809321
dense_gnp,30,0.7,1928,465,8,1.134432
dense_gnp,30,0.7,2839,426,11,0.418280
dense_gnp,30,0.7,291,522,10,1.299188
dense_gnp,30,0.7,34,550,9,0.514031
dense_gnp,30,0.7,3728,359,9,0.347111
dense_gnp,30,0.7,4029,761,9,1.414356
dense_gnp,30,0.7,482,537,9,0.898717
dense_gnp,30,0.7,56,535,10,1.339556
dense_gnp,30,0.7,7821,374,9,0.358565
dense_gnp,30,0.7,917,377,10,1.028482
dense_gnp,30,0.7,91928,421,9,0.372324
dense_gnp,30,0.7,92839,434,9,0.800311
dense_gnp,30,0.7,9291,525,9,0.394185
dense_gnp,30,0.7,934,685,10,0.534425
dense_gnp,30,0.7,93728,427,10,0.887054
dense_gnp,30,0.7,94029,476,10,0.428476
dense_gnp,30,0.7,9482,422,8,0.836000
dense_gnp,30,0.7,956,448,10,0.419397
dense_gnp,30,0.7,97821,465,10,0.407314
superdense_gnp,30,0.866667,17,663,15,0.651269
superdense_gnp,30,0.866667,1928,420,15,1.494254
superdense_gnp,30,0.866667,2839,799,15,1.697213
superdense_gnp,30,0.866667,291,598,15,1.331244
superdense_gnp,30,0.866667,34,1322,14,2.511771
superdense_gnp,30,0.866667,3728,721,14,1.348635
superdense_gnp,30,0.866667,4029,684,16,0.714336
superdense_gnp,30,0.866667,482,957,12,2.113397
superdense_gnp,30,0.866667,56,767,16,2.170737
superdense_gnp,30,0.866667,7821,938,14,0.758477
superdense_gnp,30,0.866667,917,723,15,2.011918
superdense_gnp,30,0.866667,91928,741,15,0.835093
superdense_gnp,30,0.866667,92839,1400,13,2.437880
superdense_gnp,30,0.866667,9291,612,16,0.638489
superdense_gnp,30,0.866667,934,1088,16,1.839759
superdense_gnp,30,0.866667,93728,526,16,0.691429
superdense_gnp,30,0.866667,94029,614,16,0.689124
superdense_gnp,30,0.866667,9482,1612,13,1.260286
superdense_gnp,30,0.866667,956,903,15,1.971969
superdense_gnp,30,0.866667,97821,1095,14,1.137994
dense_gnp,30,0.8,17,443,12,0.461581
dense_gnp,30,0.8,1928,890,11,0.699251
dense_gnp,30,0.8,2839,742,12,2.005632
dense_gnp,30,0.8,291,1029,12,1.918331
dense_gnp,30,0.8,34,789,13,0.669149
dense_gnp,30,0.8,3728,405,13,0.936431
dense_gnp,30,0.8,4029,1212,11,2.153346
dense_gnp,30,0.8,482,803,10,1.789544
dense_gnp,30,0.8,56,897,12,0.780825
dense_gnp,30,0.8,7821,642,12,0.602521
dense_gnp,30,0.8,917,419,12,1.314134
dense_gnp,30,0.8,91928,652,12,1.771105
dense_gnp,30,0.8,92839,760,11,1.921473
dense_gnp,30,0.8,9291,545,14,1.600064
dense_gnp,30,0.8,934,1150,12,2.415181
dense_gnp,30,0.8,93728,615,13,1.719842
dense_gnp,30,0.8,94029,490,12,1.323143
dense_gnp,30,0.8,9482,691,12,1.642108
dense_gnp,30,0.8,956,712,12,1.847372
dense_gnp,30,0.8,97821,684,12,1.704267
superdense_gnp,30,0.933333,17,1022,18,0.740946
superdense_gnp,30,0.933333,1928,344,20,1.328311
superdense_gnp,30,0.933333,2839,1936,18,0.916877
superdense_gnp,30,0.933333,291,572,18,0.598749
superdense_gnp,30,0.933333,34,720,19,0.589111
superdense_gnp,30,0.933333,3728,436,19,0.546648
superdense_gnp,30,0.933333,4029,444,18,0.573047
superdense_gnp,30,0.933333,482,691,17,1.929994
superdense_gnp,30,0.933333,56,496,19,1.694559
superdense_gnp,30,0.933333,7821,704,18,0.709867
superdense_gnp,30,0.933333,917,276,19,0.461022
superdense_gnp,30,0.933333,91928,540,19,1.570311
superdense_gnp,30,0.933333,92839,1042,16,2.181911
superdense_gnp,30,0.933333,9291,444,19,0.507816
superdense_gnp,30,0.933333,934,144,21,0.364083
superdense_gnp,30,0.933333,93728,290,19,1.273416
superdense_gnp,30,0.933333,94029,372,19,1.359042
superdense_gnp,30,0.933333,9482,688,17,1.733041
superdense_gnp,30,0.933333,956,400,19,0.497968
superdense_gnp,30,0.933333,97821,808,18,1.835917
superdense_gnp,30,0.966667,17,48,24,0.799334
superdense_gnp,30,0.966667,1928,48,23,0.851994
superdense_gnp,30,0.966667,2839,64,24,0.837188
superdense_gnp,30,0.966667,291,216,21,1.077931
superdense_gnp,30,0.966667,34,32,25,0.787810
superdense_gnp,30,0.966667,3728,192,22,1.059841
superdense_gnp,30,0.966667,4029,160,22,1.015144
superdense_gnp,30,0.966667,482,256,21,1.078489
superdense_gnp,30,0.966667,56,96,23,0.902908
superdense_gnp,30,0.966667,7821,96,23,0.762667
superdense_gnp,30,0.966667,917,96,23,1.026038
superdense_gnp,30,0.966667,91928,64,24,0.308489
superdense_gnp,30,0.966667,92839,672,20,0.505791
superdense_gnp,30,0.966667,9291,128,23,0.937200
superdense_gnp,30,0.966667,934,28,25,0.731168
superdense_gnp,30,0.966667,93728,144,22,0.343061
superdense_gnp,30,0.966667,94029,208,21,0.392647
superdense_gnp,30,0.966667,9482,552,19,1.267968
superdense_gnp,30,0.966667,956,200,21,1.095949
superdense_gnp,30,0.966667,97821,72,23,0.879093
dense_gnp,30,0.9,17,732,17,1.614730
dense_gnp,30,0.9,1928,334,18,0.486585
dense_gnp,30,0.9,2839,946,17,0.788228
dense_gnp,30,0.9,291,557,16,0.597352
dense_gnp,30,0.9,34,980,17,0.881676
dense_gnp,30,0.9,3728,706,16,0.737804
dense_gnp,30,0.9,4029,491,18,0.593232
dense_gnp,30,0.9,482,835,15,0.714896
dense_gnp,30,0.9,56,709,16,2.091886
dense_gnp,30,0.9,7821,746,16,0.676972
dense_gnp,30,0.9,917,483,16,1.464502
dense_gnp,30,0.9,91928,489,17,1.527220
dense_gnp,30,0.9,92839,1713,15,2.957359
dense_gnp,30,0.9,9291,430,19,1.301352
dense_gnp,30,0.9,934,506,18,1.387956
dense_gnp,30,0.9,93728,409,18,1.306870
dense_gnp,30,0.9,94029,419,18,0.572000
dense_gnp,30,0.9,9482,1528,15,2.995353
dense_gnp,30,0.9,956,764,17,0.821683
dense_gnp,30,0.9,97821,1228,16,1.082331
dense_gnp,35,0.6,17,463,7,1.173054
dense_gnp,35,0.6,1928,488,7,1.020731
dense_gnp,35,0.6,2839,593,8,1.131149
dense_gnp,35,0.6,291,585,9,0.539385
dense_gnp,35,0.6,34,426,9,0.394115
dense_gnp,35,0.6,3728,443,7,1.029251
dense_gnp,35,0.6,4029,531,8,1.329359
dense_gnp,35,0.6,482,449,7,1.003060
dense_gnp,35,0.6,56,587,8,0.533866
dense_gnp,35,0.6,7821,329,10,0.985042
dense_gnp,35,0.6,917,463,8,1.163626
dense_gnp,35,0.6,91928,525,8,1.253651
dense_gnp,35,0.6,92839,395,7,1.042800
dense_gnp,35,0.6,9291,493,9,1.190655
dense_gnp,35,0.6,934,488,9,1.206648
dense_gnp,35,0.6,93728,559,8,1.343397
dense_gnp,35,0.6,94029,524,8,1.203575
dense_gnp,35,0.6,9482,437,7,1.117950
dense_gnp,35,0.6,956,520,9,1.301911
dense_gnp,35,0.6,97821,546,9,1.472254
superdense_gnp,35,0.771429,17,1535,11,3.316343
superdense_gnp,35,0.771429,1928,1516,10,2.719061
superdense_gnp,35,0.771429,2839,1787,11,3.933950
superdense_gnp,35,0.771429,291,2034,12,4.020344
superdense_gnp,35,0.771429,34,1589,13,3.220032
superdense_gnp,35,0.771429,3728,1450,10,2.935149
superdense_gnp,35,0.771429,4029,1206,13,3.066102
superdense_gnp,35,0.771429,482,1503,11,3.295671
superdense_gnp,35,0.771429,56,1268,12,2.598655
superdense_gnp,35,0.771429,7821,1353,11,1.040774
superdense_gnp,35,0.771429,917,1486,11,1.149029
superdense_gnp,35,0.771429,91928,1436,12,1.054045
superdense_gnp,35,0.771429,92839,985,11,2.175905
superdense_gnp,35,0.771429,9291,1328,12,2.375302
superdense_gnp,35,0.771429,934,1559,14,1.308826
superdense_gnp,35,0.771429,93728,1979,12,4.424236
superdense_gnp,35,0.771429,94029,1550,9,3.268572
superdense_gnp,35,0.771429,9482,1635,11,3.313201
superdense_gnp,35,0.771429,956,1668,11,3.654306
superdense_gnp,35,0.771429,97821,1883,12,4.031449
dense_gnp,35,0.7,17,837,10,1.945709
dense_gnp,35,0.7,1928,816,9,1.925734
dense_gnp,35,0.7,2839,1040,10,0.904095
dense_gnp,35,0.7,291,1088,11,0.874832
dense_gnp,35,0.7,34,1059,11,0.869385
dense_gnp,35,0.7,3728,921,9,0.689822
dense_gnp,35,0.7,4029,1005,10,2.354978
dense_gnp,35,0.7,482,878,9,0.780336
dense_gnp,35,0.7,56,981,11,0.847664
dense_gnp,35,0.7,7821,735,10,1.765308
dense_gnp,35,0.7,917,927,10,2.222908
dense_gnp,35,0.7,91928,991,10,0.888940
dense_gnp,35,0.7,92839,629,9,0.575073
dense_gnp,35,0.7,9291,812,10,1.919657
dense_gnp,35,0.7,934,1156,11,0.973518
dense_gnp,35,0.7,93728,1071,10,2.199093
dense_gnp,35,0.7,94029,1105,9,2.463092
dense_gnp,35,0.7,9482,884,9,0.900534
dense_gnp,35,0.7,956,1037,10,0.885797
dense_gnp,35,0.7,97821,1004,10,2.452686
superdense_gnp,35,0.885714,17,2184,16,1.731435
superdense_gnp,35,0.885714,1928,3062,16,2.336191
superdense_gnp,35,0.885714,2839,2679,18,1.933206
superdense_gnp,35,0.885714,291,3870,16,6.011798
superdense_gnp,35,0.885714,34,2817,17,5.464312
superdense_gnp,35,0.885714,3728,2717,16,1.993271
superdense_gnp,35,0.885714,4029,3703,17,5.661614
superdense_gnp,35,0.885714,482,2091,15,1.702660
superdense_gnp,35,0.885714,56,1373,19,3.265708
superdense_gnp,35,0.885714,7821,3310,15,5.287544
superdense_gnp,35,0.885714,917,1351,18,3.550521
superdense_gnp,35,0.885714,91928,2686,17,1.990616
superdense_gnp,35,0.885714,92839,1619,16,1.392635
superdense_gnp,35,0.885714,9291,4373,16,3.039772
superdense_gnp,35,0.885714,934,3552,18,7.091126
superdense_gnp,35,0.885714,93728,6604,16,3.612540
superdense_gnp,35,0.885714,94029,3759,17,2.484813
superdense_gnp,35,0.885714,9482,3903,14,2.741550
superdense_gnp,35,0.885714,956,3125,16,5.260585
superdense_gnp,35,0.885714,97821,2540,17,1.739537
dense_gnp,35,0.8,17,1974,12,3.935626
dense_gnp,35,0.8,1928,1821,12,3.918445
dense_gnp,35,0.8,2839,1904,13,2.822636
dense_gnp,35,0.8,291,2438,14,5.091430
dense_gnp,35,0.8,34,1504,15,3.529639
dense_gnp,35,0.8,3728,1842,11,1.341023
dense_gnp,35,0.8,4029,1556,13,1.348007
dense_gnp,35,0.8,482,1799,12,3.754178
dense_gnp,35,0.8,56,1270,14,3.116458
dense_gnp,35,0.8,7821,1757,12,1.362603
dense_gnp,35,0.8,917,1430,13,3.381227
dense_gnp,35,0.8,91928,1600,14,3.728338
dense_gnp,35,0.8,92839,1143,12,2.884375
dense_gnp,35,0.8,9291,1795,13,3.788750
dense_gnp,35,0.8,934,1612,15,3.812776
dense_gnp,35,0.8,93728,2678,12,5.176706
dense_gnp,35,0.8,94029,1970,11,4.180560
dense_gnp,35,0.8,9482,2194,12,4.273728
dense_gnp,35,0.8,956,2001,13,4.227354
dense_gnp,35,0.8,97821,2359,12,4.971861
superdense_gnp,35,0.942857,17,2746,20,5.504540
superdense_gnp,35,0.942857,1928,1880,21,4.767645
superdense_gnp,35,0.942857,2839,2168,21,4.758916
superdense_gnp,35,0.942857,291,2952,20,4.996236
superdense_gnp,35,0.942857,34,792,22,2.839537
superdense_gnp,35,0.942857,3728,9088,20,12.302053
superdense_gnp,35,0.942857,4029,1434,20,3.646693
superdense_gnp,35,0.942857,482,2390,21,5.759532
superdense_gnp,35,0.942857,56,546,23,2.153626
superdense_gnp,35,0.942857,7821,1596,22,4.177277
superdense_gnp,35,0.942857,917,896,22,3.089429
superdense_gnp,35,0.942857,91928,1656,22,3.848814
superdense_gnp,35,0.942857,92839,2216,19,4.471169
superdense_gnp,35,0.942857,9291,704,23,2.572953
superdense_gnp,35,0.942857,934,1608,21,3.291061
superdense_gnp,35,0.942857,93728,2648,21,4.693054
superdense_gnp,35,0.942857,94029,1662,20,3.638102
superdense_gnp,35,0.942857,9482,1278,21,3.810820
superdense_gnp,35,0.942857,956,3600,20,6.242483
superdense_gnp,35,0.942857,97821,1856,22,3.605696
superdense_gnp,35,0.971429,17,360,25,1.974692
superdense_gnp,35,0.971429,1928,528,25,0.731518
superdense_gnp,35,0.971429,2839,32,30,1.130870
superdense_gnp,35,0.971429,291,416,26,1.793874
superdense_gnp,35,0.971429,34,95,27,1.209022
superdense_gnp,35,0.971429,3728,768,25,1.893886
superdense_gnp,35,0.971429,4029,640,24,0.725162
superdense_gnp,35,0.971429,482,576,24,0.756450
superdense_gnp,35,0.971429,56,400,25,0.605105
superdense_gnp,35,0.971429,7821,768,25,1.763912
superdense_gnp,35,0.971429,917,192,27,1.447112
superdense_gnp,35,0.971429,91928,192,27,1.453606
superdense_gnp,35,0.971429,92839,960,24,2.248331
superdense_gnp,35,0.971429,9291,72,28,1.268108
superdense_gnp,35,0.971429,934,300,25,1.726616
superdense_gnp,35,0.971429,93728,96,28,1.379644
superdense_gnp,35,0.971429,94029,240,26,1.588052
superdense_gnp,35,0.971429,9482,520,24,2.151531
superdense_gnp,35,0.971429,956,448,25,1.702311
superdense_gnp,35,0.971429,97821,60,28,1.248762
dense_gnp,35,0.9,17,2669,17,2.061156
dense_gnp,35,0.9,1928,3506,18,2.621982
dense_gnp,35,0.9,2839,2394,19,1.732203
dense_gnp,35,0.9,291,4986,17,3.372775
dense_gnp,35,0.9,34,2801,18,1.949620
dense_gnp,35,0.9,3728,2538,17,2.020858
dense_gnp,35,0.9,4029,3102,18,5.884897
dense_gnp,35,0.9,482,2436,16,1.982724
dense_gnp,35,0.9,56,2013,19,1.748686
dense_gnp,35,0.9,7821,4133,15,6.263436
dense_gnp,35,0.9,917,822,20,2.745321
dense_gnp,35,0.9,91928,1947,18,4.625239
dense_gnp,35,0.9,92839,1696,17,1.322375
dense_gnp,35,0.9,9291,3596,18,6.093094
dense_gnp,35,0.9,934,3858,18,7.020865
dense_gnp,35,0.9,93728,6418,16,9.795310
dense_gnp,35,0.9,94029,2994,17,2.066604
dense_gnp,35,0.9,9482,5504,15,9.084256
dense_gnp,35,0.9,956,3469,18,7.255881
dense_gnp,35,0.9,97821,3101,17,2.137213
dense_gnp,40,0.6,17,839,8,1.854147
dense_gnp,40,0.6,1928,919,8,0.800242
dense_gnp,40,0.6,2839,1126,8,0.877137
dense_gnp,40,0.6,291,932,9,2.337867
dense_gnp,40,0.6,34,748,8,1.845835
dense_gnp,40,0.6,3728,661,8,1.419524
dense_gnp,40,0.6,4029,895,10,0.798914
dense_gnp,40,0.6,482,863,8,1.804559
dense_gnp,40,0.6,56,929,8,0.814629
dense_gnp,40,0.6,7821,916,8,2.079594
dense_gnp,40,0.6,917,821,8,1.883270
dense_gnp,40,0.6,91928,701,9,1.770896
dense_gnp,40,0.6,92839,735,9,1.835150
dense_gnp,40,0.6,9291,851,9,2.062483
dense_gnp,40,0.6,934,856,8,2.056756
dense_gnp,40,0.6,93728,896,8,2.104877
dense_gnp,40,0.6,94029,760,8,1.926083
dense_gnp,40,0.6,9482,706,8,1.410166
dense_gnp,40,0.6,956,847,9,2.022883
dense_gnp,40,0.6,97821,1010,9,2.087626
dense_gnp,40,0.7,17,1517,10,3.086356
dense_gnp,40,0.7,1928,1793,9,1.468343
dense_gnp,40,0.7,2839,2184,10,4.298521
dense_gnp,40,0.7,291,1903,12,4.422140
dense_gnp,40,0.7,34,2163,11,4.570554
dense_gnp,40,0.7,3728,1284,10,1.177384
dense_gnp,40,0.7,4029,1816,10,1.480425
dense_gnp,40,0.7,482,1604,11,3.790287
dense_gnp,40,0.7,56,1985,11,3.788960
dense_gnp,40,0.7,7821,1709,11,3.592076
dense_gnp,40,0.7,917,1754,11,3.105563
dense_gnp,40,0.7,91928,1284,11,3.073505
dense_gnp,40,0.7,92839,1401,10,3.140762
dense_gnp,40,0.7,9291,1411,11,1.301073
dense_gnp,40,0.7,934,2004,10,1.575619
dense_gnp,40,0.7,93728,1288,11,1.271391
dense_gnp,40,0.7,94029,1827,10,3.151238
dense_gnp,40,0.7,9482,1532,9,1.184508
dense_gnp,40,0.7,956,2265,10,1.666413
dense_gnp,40,0.7,97821,2476,10,1.851003
dense_gnp,40,0.8,17,3187,14,6.161468
superdense_gnp,40,0.8,17,3187,14,2.836324
dense_gnp,40,0.8,1928,4209,12,3.398966
superdense_gnp,40,0.8,1928,4209,12,3.171842
dense_gnp,40,0.8,2839,5241,13,10.555671
superdense_gnp,40,0.8,2839,5241,13,3.816267
dense_gnp,40,0.8,291,4838,15,9.086840
superdense_gnp,40,0.8,291,4838,15,3.670020
dense_gnp,40,0.8,34,3778,14,2.771093
superdense_gnp,40,0.8,34,3778,14,3.372705
dense_gnp,40,0.8,3728,2880,14,5.264636
superdense_gnp,40,0.8,3728,2880,14,2.296032
dense_gnp,40,0.8,4029,3856,13,8.055005
superdense_gnp,40,0.8,4029,3856,13,7.763696
dense_gnp,40,0.8,482,4090,14,2.898274
superdense_gnp,40,0.8,482,4090,14,2.986413
dense_gnp,40,0.8,56,3195,15,2.452058
superdense_gnp,40,0.8,56,3195,15,2.488096
dense_gnp,40,0.8,7821,4737,14,3.283239
superdense_gnp,40,0.8,7821,4737,14,9.010224
dense_gnp,40,0.8,917,4029,13,7.278439
superdense_gnp,40,0.8,917,4029,13,7.832281
dense_gnp,40,0.8,91928,5196,13,3.427042
superdense_gnp,40,0.8,91928,5196,13,9.148719
dense_gnp,40,0.8,92839,3375,13,2.601029
superdense_gnp,40,0.8,92839,3375,13,7.031970
dense_gnp,40,0.8,9291,3147,14,2.713125
superdense_gnp,40,0.8,9291,3147,14,5.757576
dense_gnp,40,0.8,934,3979,15,8.209005
superdense_gnp,40,0.8,934,3979,15,8.249652
dense_gnp,40,0.8,93728,3151,13,2.438788
superdense_gnp,40,0.8,93728,3151,13,2.478318
dense_gnp,40,0.8,94029,3570,13,2.589366
superdense_gnp,40,0.8,94029,3570,13,7.347512
dense_gnp,40,0.8,9482,3831,13,2.913290
superdense_gnp,40,0.8,9482,3831,13,2.964763
dense_gnp,40,0.8,956,4866,13,9.619170
superdense_gnp,40,0.8,956,4866,13,3.580832
dense_gnp,40,0.8,97821,5429,12,11.436651
superdense_gnp,40,0.8,97821,5429,12,10.379532
superdense_gnp,40,0.95,17,2316,25,2.054730
superdense_gnp,40,0.95,1928,9684,23,16.579902
superdense_gnp,40,0.95,2839,6672,25,9.391069
superdense_gnp,40,0.95,291,11280,24,7.439563
superdense_gnp,40,0.95,34,2934,25,2.455620
superdense_gnp,40,0.95,3728,2760,25,2.506324
superdense_gnp,40,0.95,4029,6944,23,12.461990
superdense_gnp,40,0.95,482,6304,24,9.566440
superdense_gnp,40,0.95,56,1212,27,1.325937
superdense_gnp,40,0.95,7821,1911,26,4.838674
superdense_gnp,40,0.95,917,9696,23,13.886333
superdense_gnp,40,0.95,91928,1584,26,4.197322
superdense_gnp,40,0.95,92839,5136,23,9.161012
superdense_gnp,40,0.95,9291,1756,26,1.873283
superdense_gnp,40,0.95,934,2464,26,5.399779
superdense_gnp,40,0.95,93728,3150,25,6.545525
superdense_gnp,40,0.95,94029,3264,25,3.167582
superdense_gnp,40,0.95,9482,6810,22,4.816744
superdense_gnp,40,0.95,956,1364,26,1.538813
superdense_gnp,40,0.95,97821,2448,26,1.986566
superdense_gnp,40,0.975,17,1664,28,1.194356
superdense_gnp,40,0.975,1928,1280,29,3.595988
superdense_gnp,40,0.975,2839,48,34,1.722635
superdense_gnp,40,0.975,291,416,31,0.888102
superdense_gnp,40,0.975,34,156,32,2.053823
superdense_gnp,40,0.975,3728,2304,28,3.127981
superdense_gnp,40,0.975,4029,4416,26,7.950034
superdense_gnp,40,0.975,482,2400,27,2.581054
superdense_gnp,40,0.975,56,256,30,0.830343
superdense_gnp,40,0.975,7821,80,33,0.687867
superdense_gnp,40,0.975,917,480,30,2.480623
superdense_gnp,40,0.975,91928,384,31,2.546414
superdense_gnp,40,0.975,92839,768,28,3.183785
superdense_gnp,40,0.975,9291,320,31,2.516102
superdense_gnp,40,0.975,934,288,31,1.700496
superdense_gnp,40,0.975,93728,256,32,0.946000
superdense_gnp,40,0.975,94029,1024,30,1.045594
superdense_gnp,40,0.975,9482,1216,29,3.671766
superdense_gnp,40,0.975,956,80,33,1.860711
superdense_gnp,40,0.975,97821,576,30,2.816140
superdense_gnp,40,0.9,17,7222,18,11.954593
dense_gnp,40,0.9,17,7222,18,4.343290
superdense_gnp,40,0.9,1928,11980,18,8.619881
dense_gnp,40,0.9,1928,11980,18,22.494830
superdense_gnp,40,0.9,2839,10371,19,7.749938
dense_gnp,40,0.9,2839,10371,19,20.228829
superdense_gnp,40,0.9,291,12884,19,21.361935
dense_gnp,40,0.9,291,12884,19,20.243845
superdense_gnp,40,0.9,34,5227,20,11.710637
dense_gnp,40,0.9,34,5227,20,4.398464
superdense_gnp,40,0.9,3728,6475,18,11.754707
dense_gnp,40,0.9,3728,6475,18,12.022688
superdense_gnp,40,0.9,4029,7012,19,12.925317
dense_gnp,40,0.9,4029,7012,19,13.407501
superdense_gnp,40,0.9,482,6327,20,4.300966
dense_gnp,40,0.9,482,6327,20,4.164356
superdense_gnp,40,0.9,56,8619,20,17.103571
dense_gnp,40,0.9,56,8619,20,6.367499
superdense_gnp,40,0.9,7821,5692,20,11.280764
dense_gnp,40,0.9,7821,5692,20,11.832511
superdense_gnp,40,0.9,917,7579,19,8.939126
dense_gnp,40,0.9,917,7579,19,15.238461
superdense_gnp,40,0.9,91928,7850,20,11.626408
dense_gnp,40,0.9,91928,7850,20,11.398377
superdense_gnp,40,0.9,92839,11861,18,7.427551
dense_gnp,40,0.9,92839,11861,18,19.691750
superdense_gnp,40,0.9,9291,10378,19,7.532801
dense_gnp,40,0.9,9291,10378,19,6.370922
superdense_gnp,40,0.9,934,9832,20,12.809380
dense_gnp,40,0.9,934,9832,20,13.506117
superdense_gnp,40,0.9,93728,5680,19,3.478585
dense_gnp,40,0.9,93728,5680,19,9.294618
superdense_gnp,40,0.9,94029,10920,19,17.763852
dense_gnp,40,0.9,94029,10920,19,18.674372
superdense_gnp,40,0.9,9482,11326,17,20.200753
dense_gnp,40,0.9,9482,11326,17,20.862360
superdense_gnp,40,0.9,956,3020,22,2.241835
dense_gnp,40,0.9,956,3020,22,2.247422
superdense_gnp,40,0.9,97821,13167,19,7.981601
dense_gnp,40,0.9,97821,13167,19,7.817894
dense_gnp,45,0.6,17,1383,9,2.034686
dense_gnp,45,0.6,1928,1283,9,3.085169
dense_gnp,45,0.6,2839,1481,9,3.462661
dense_gnp,45,0.6,291,1495,9,3.738534
dense_gnp,45,0.6,34,1387,9,3.339461
dense_gnp,45,0.6,3728,1101,9,2.744413
dense_gnp,45,0.6,4029,1340,9,3.138458
dense_gnp,45,0.6,482,1352,10,3.142718
dense_gnp,45,0.6,56,1522,10,1.364978
dense_gnp,45,0.6,7821,1595,9,3.696699
dense_gnp,45,0.6,917,1211,9,1.089734
dense_gnp,45,0.6,91928,1364,8,1.172705
dense_gnp,45,0.6,92839,1387,8,3.404064
dense_gnp,45,0.6,9291,1285,8,1.058375
dense_gnp,45,0.6,934,1470,9,1.177594
dense_gnp,45,0.6,93728,1331,9,2.637207
dense_gnp,45,0.6,94029,1527,9,1.245550
dense_gnp,45,0.6,9482,1241,9,2.262509
dense_gnp,45,0.6,956,1478,9,3.046337
dense_gnp,45,0.6,97821,1593,10,1.416242
dense_gnp,45,0.7,17,2156,11,1.944311
dense_gnp,45,0.7,1928,2561,11,6.369316
dense_gnp,45,0.7,2839,3271,11,7.661938
dense_gnp,45,0.7,291,3981,11,9.307189
dense_gnp,45,0.7,34,4108,12,9.107932
dense_gnp,45,0.7,3728,3124,10,7.082605
dense_gnp,45,0.7,4029,2656,11,6.250725
dense_gnp,45,0.7,482,3300,13,7.102440
dense_gnp,45,0.7,56,4352,11,9.669805
dense_gnp,45,0.7,7821,3649,11,8.037265
dense_gnp,45,0.7,917,3086,11,7.362459
dense_gnp,45,0.7,91928,3157,11,7.181011
dense_gnp,45,0.7,92839,2591,11,5.542674
dense_gnp,45,0.7,9291,3070,10,2.642166
dense_gnp,45,0.7,934,3074,12,6.981334
dense_gnp,45,0.7,93728,2979,10,2.331512
dense_gnp,45,0.7,94029,3540,11,2.637067
dense_gnp,45,0.7,9482,2629,10,5.930224
dense_gnp,45,0.7,956,3857,11,8.269208
dense_gnp,45,0.7,97821,3848,12,8.941081
superdense_gnp,45,0.822222,17,7674,18,6.084014
superdense_gnp,45,0.822222,1928,10327,15,20.991007
superdense_gnp,45,0.822222,2839,10655,15,21.968995
superdense_gnp,45,0.822222,291,16388,16,32.444140
superdense_gnp,45,0.822222,34,12501,15,8.540961
superdense_gnp,45,0.822222,3728,11103,15,21.911166
superdense_gnp,45,0.822222,4029,10286,15,19.109064
superdense_gnp,45,0.822222,482,10052,16,16.334969
superdense_gnp,45,0.822222,56,16171,17,27.486526
superdense_gnp,45,0.822222,7821,13085,16,23.501522
superdense_gnp,45,0.822222,917,10191,15,19.831503
superdense_gnp,45,0.822222,91928,15703,15,29.839479
superdense_gnp,45,0.822222,92839,9634,16,18.307985
superdense_gnp,45,0.822222,9291,12892,15,8.855665
superdense_gnp,45,0.822222,934,11670,17,8.543195
superdense_gnp,45,0.822222,93728,8751,16,17.544131
superdense_gnp,45,0.822222,94029,17675,14,29.124165
superdense_gnp,45,0.822222,9482,14846,16,10.172453
superdense_gnp,45,0.822222,956,12388,16,8.876618
superdense_gnp,45,0.822222,97821,15109,16,30.797493
dense_gnp,45,0.8,17,5456,15,12.196034
dense_gnp,45,0.8,1928,8573,14,18.028340
dense_gnp,45,0.8,2839,7832,14,16.440918
dense_gnp,45,0.8,291,11966,16,23.806169
dense_gnp,45,0.8,34,10311,14,7.525328
dense_gnp,45,0.8,3728,8101,13,16.211628
dense_gnp,45,0.8,4029,7857,14,16.060422
dense_gnp,45,0.8,482,8362,15,17.254568
dense_gnp,45,0.8,56,11451,16,22.309821
dense_gnp,45,0.8,7821,11646,15,7.949964
dense_gnp,45,0.8,917,7213,15,14.408117
dense_gnp,45,0.8,91928,11638,14,21.303757
dense_gnp,45,0.8,92839,7545,14,5.892090
dense_gnp,45,0.8,9291,9172,14,19.110601
dense_gnp,45,0.8,934,8755,15,17.715312
dense_gnp,45,0.8,93728,7344,16,5.569354
dense_gnp,45,0.8,94029,9671,14,6.520243
dense_gnp,45,0.8,9482,9279,15,6.805055
dense_gnp,45,0.8,956,9945,14,7.711595
dense_gnp,45,0.8,97821,9981,15,18.155940
superdense_gnp,45,0.911111,17,20768,22,13.615489
superdense_gnp,45,0.911111,1928,11095,23,8.081405
superdense_gnp,45,0.911111,2839,25664,21,17.258549
superdense_gnp,45,0.911111,291,41110,22,52.416581
superdense_gnp,45,0.911111,34,30269,22,30.948977
superdense_gnp,45,0.911111,3728,18756,21,12.130034
superdense_gnp,45,0.911111,4029,25532,21,41.599563
superdense_gnp,45,0.911111,482,19209,23,12.509063
superdense_gnp,45,0.911111,56,7785,26,18.616752
superdense_gnp,45,0.911111,7821,25821,22,17.013895
superdense_gnp,45,0.911111,917,13906,24,26.402380
superdense_gnp,45,0.911111,91928,20388,23,13.749165
superdense_gnp,45,0.911111,92839,23071,21,37.227849
superdense_gnp,45,0.911111,9291,31619,22,46.174937
superdense_gnp,45,0.911111,934,40991,20,25.668418
superdense_gnp,45,0.911111,93728,21786,21,44.172517
superdense_gnp,45,0.911111,94029,27323,21,43.726720
superdense_gnp,45,0.911111,9482,29800,20,19.205794
superdense_gnp,45,0.911111,956,28397,22,46.172493
superdense_gnp,45,0.911111,97821,19860,24,36.772205
superdense_gnp,45,0.955556,17,14112,28,28.883631
superdense_gnp,45,0.955556,1928,11000,28,17.437203
superdense_gnp,45,0.955556,2839,11520,30,16.538207
superdense_gnp,45,0.955556,291,8676,28,19.352322
superdense_gnp,45,0.955556,34,6760,28,17.719502
superdense_gnp,45,0.955556,3728,38736,26,46.014371
superdense_gnp,45,0.955556,4029,14606,27,10.120421
superdense_gnp,45,0.955556,482,11628,28,23.746455
superdense_gnp,45,0.955556,56,4539,29,10.301379
superdense_gnp,45,0.955556,7821,35712,27,47.261736
superdense_gnp,45,0.955556,917,5232,28,4.258083
superdense_gnp,45,0.955556,91928,4512,29,3.790287
superdense_gnp,45,0.955556,92839,7560,28,5.614401
superdense_gnp,45,0.955556,9291,5345,29,9.889876
superdense_gnp,45,0.955556,934,2376,31,7.037488
superdense_gnp,45,0.955556,93728,7388,28,15.836302
superdense_gnp,45,0.955556,94029,17646,26,10.042479
superdense_gnp,45,0.955556,9482,9720,27,7.216561
superdense_gnp,45,0.955556,956,19008,28,34.003067
superdense_gnp,45,0.955556,97821,2016,33,6.715170
superdense_gnp,45,0.977778,17,6912,31,8.726529
superdense_gnp,45,0.977778,1928,1408,34,3.821017
superdense_gnp,45,0.977778,2839,192,37,2.392273
superdense_gnp,45,0.977778,291,1152,34,4.216807
superdense_gnp,45,0.977778,34,704,35,3.954484
superdense_gnp,45,0.977778,3728,3584,32,5.994966
superdense_gnp,45,0.977778,4029,7056,30,4.173855
superdense_gnp,45,0.977778,482,480,35,3.483264
superdense_gnp,45,0.977778,56,720,34,4.070210
superdense_gnp,45,0.977778,7821,3456,32,7.213906
superdense_gnp,45,0.977778,917,1152,34,1.477073
superdense_gnp,45,0.977778,91928,288,36,3.161296
superdense_gnp,45,0.977778,92839,2912,31,5.324839
superdense_gnp,45,0.977778,9291,896,35,4.417671
superdense_gnp,45,0.977778,934,126,37,3.139855
superdense_gnp,45,0.977778,93728,1728,33,4.488630
superdense_gnp,45,0.977778,94029,6912,31,11.439235
superdense_gnp,45,0.977778,9482,8352,30,3.680776
superdense_gnp,45,0.977778,956,192,37,2.759849
superdense_gnp,45,0.977778,97821,288,36,3.252299
dense_gnp,45,0.9,17,21370,20,35.936902
dense_gnp,45,0.9,1928,13183,22,24.293592
dense_gnp,45,0.9,2839,24484,19,42.075951
dense_gnp,45,0.9,291,44120,20,27.106240
dense_gnp,45,0.9,34,27142,21,38.223924
dense_gnp,45,0.9,3728,21441,19,14.682872
dense_gnp,45,0.9,4029,21391,21,13.969793
dense_gnp,45,0.9,482,21093,21,39.782503
dense_gnp,45,0.9,56,6895,24,16.631095
dense_gnp,45,0.9,7821,27764,20,16.823089
dense_gnp,45,0.9,917,26014,21,42.015329
dense_gnp,45,0.9,91928,19920,22,12.493348
dense_gnp,45,0.9,92839,19689,20,35.082883
dense_gnp,45,0.9,9291,22153,22,14.672537
dense_gnp,45,0.9,934,30709,20,21.969484
dense_gnp,45,0.9,93728,24870,20,46.472531
dense_gnp,45,0.9,94029,28230,21,44.804023
dense_gnp,45,0.9,9482,22775,20,14.919286
dense_gnp,45,0.9,956,28008,21,19.904697
dense_gnp,45,0.9,97821,24452,23,14.949737
dense_gnp,50,0.6,17,2060,9,4.332604
dense_gnp,50,0.6,1928,1723,9,1.452140
dense_gnp,50,0.6,2839,2268,9,1.863365
dense_gnp,50,0.6,291,2681,9,6.141074
dense_gnp,50,0.6,34,2431,9,5.060141
dense_gnp,50,0.6,3728,1741,9,1.701124
dense_gnp,50,0.6,4029,1855,9,1.757137
dense_gnp,50,0.6,482,2012,9,1.747639
dense_gnp,50,0.6,56,2658,9,2.110045
dense_gnp,50,0.6,7821,2161,9,1.880616
dense_gnp,50,0.6,917,1914,9,4.513982
dense_gnp,50,0.6,91928,2309,10,5.228109
dense_gnp,50,0.6,92839,2230,9,4.894338
dense_gnp,50,0.6,9291,2079,9,4.937081
dense_gnp,50,0.6,934,2341,9,5.430858
dense_gnp,50,0.6,93728,2188,9,4.916687
dense_gnp,50,0.6,94029,1914,10,3.810750
dense_gnp,50,0.6,9482,1824,8,4.074331
dense_gnp,50,0.6,956,2578,10,5.542325
dense_gnp,50,0.6,97821,2444,10,6.098472
dense_gnp,50,0.7,17,5078,12,10.347196
dense_gnp,50,0.7,1928,4345,11,10.135926
dense_gnp,50,0.7,2839,5483,11,12.952485
dense_gnp,50,0.7,291,7910,11,16.873095
dense_gnp,50,0.7,34,6885,12,14.757812
dense_gnp,50,0.7,3728,5226,11,11.645545
dense_gnp,50,0.7,4029,4392,12,10.251024
dense_gnp,50,0.7,482,6175,11,14.473279
dense_gnp,50,0.7,56,7041,13,15.641235
dense_gnp,50,0.7,7821,5590,11,12.662993
dense_gnp,50,0.7,917,4995,12,10.551831
dense_gnp,50,0.7,91928,6157,13,13.117240
dense_gnp,50,0.7,92839,5323,11,11.410320
dense_gnp,50,0.7,9291,5429,11,11.972193
dense_gnp,50,0.7,934,6183,11,15.051775
dense_gnp,50,0.7,93728,5460,12,8.586916
dense_gnp,50,0.7,94029,5336,12,8.274167
dense_gnp,50,0.7,9482,4200,11,9.495830
dense_gnp,50,0.7,956,7050,12,14.770873
dense_gnp,50,0.7,97821,6207,11,5.306332
superdense_gnp,50,0.84,17,28645,17,22.840335
superdense_gnp,50,0.84,1928,22020,16,16.347820
superdense_gnp,50,0.84,2839,27009,17,45.956263
superdense_gnp,50,0.84,291,42324,17,31.964050
superdense_gnp,50,0.84,34,29392,19,44.356339
superdense_gnp,50,0.84,3728,26400,15,44.951107
superdense_gnp,50,0.84,4029,26556,17,18.403736
superdense_gnp,50,0.84,482,34023,17,25.441224
superdense_gnp,50,0.84,56,47709,17,58.035313
superdense_gnp,50,0.84,7821,28989,19,21.717147
superdense_gnp,50,0.84,917,29822,17,46.217680
superdense_gnp,50,0.84,91928,32044,19,21.545338
superdense_gnp,50,0.84,92839,20196,19,14.913279
superdense_gnp,50,0.84,9291,40549,17,26.927587
superdense_gnp,50,0.84,934,33336,18,23.212589
superdense_gnp,50,0.84,93728,27480,17,42.751178
superdense_gnp,50,0.84,94029,21541,18,16.277699
superdense_gnp,50,0.84,9482,36171,18,23.078005
superdense_gnp,50,0.84,956,51303,17,30.593905
superdense_gnp,50,0.84,97821,43792,17,31.725125
dense_gnp,50,0.8,17,25935,14,17.299127
dense_gnp,50,0.8,1928,16547,14,12.170053
dense_gnp,50,0.8,2839,17167,15,12.362746
dense_gnp,50,0.8,291,33104,15,47.034053
dense_gnp,50,0.8,34,21146,16,14.867813
dense_gnp,50,0.8,3728,13563,13,10.850053
dense_gnp,50,0.8,4029,14696,15,11.064954
dense_gnp,50,0.8,482,19071,15,34.952070
dense_gnp,50,0.8,56,24186,16,17.205750
dense_gnp,50,0.8,7821,21805,17,41.073589
dense_gnp,50,0.8,917,15669,15,32.406636
dense_gnp,50,0.8,91928,32050,16,46.261331
dense_gnp,50,0.8,92839,12567,15,10.040593
dense_gnp,50,0.8,9291,16993,15,12.689533
dense_gnp,50,0.8,934,22342,17,28.774889
dense_gnp,50,0.8,93728,15378,15,24.556685
dense_gnp,50,0.8,94029,15055,15,31.485778
dense_gnp,50,0.8,9482,18160,15,34.272935
dense_gnp,50,0.8,956,25819,15,17.211338
dense_gnp,50,0.8,97821,19096,15,39.089678
superdense_gnp,50,0.92,17,54884,23,62.558583
superdense_gnp,50,0.92,1928,74526,23,77.539818
superdense_gnp,50,0.92,2839,27278,26,20.720092
superdense_gnp,50,0.92,291,69460,24,49.264574
superdense_gnp,50,0.92,34,52030,24,54.569020
superdense_gnp,50,0.92,3728,75050,23,51.301076
superdense_gnp,50,0.92,4029,58405,24,29.322514
superdense_gnp,50,0.92,482,115987,23,67.011244
superdense_gnp,50,0.92,56,58006,26,45.564733
superdense_gnp,50,0.92,7821,43600,26,28.235364
superdense_gnp,50,0.92,917,61767,23,68.615780
superdense_gnp,50,0.92,91928,107096,25,70.304053
superdense_gnp,50,0.92,92839,32223,24,44.524029
superdense_gnp,50,0.92,9291,68185,24,74.334385
superdense_gnp,50,0.92,934,92682,24,78.189344
superdense_gnp,50,0.92,93728,65536,24,45.335864
superdense_gnp,50,0.92,94029,44032,26,31.966286
superdense_gnp,50,0.92,9482,71363,24,75.369991
superdense_gnp,50,0.92,956,70912,26,50.836074
superdense_gnp,50,0.92,97821,81231,23,46.109216
superdense_gnp,50,0.96,17,8822,32,7.675418
superdense_gnp,50,0.96,1928,22008,31,31.553803
superdense_gnp,50,0.96,2839,20960,32,34.210146
superdense_gnp,50,0.96,291,56954,28,33.427505
superdense_gnp,50,0.96,34,18016,31,28.606291
superdense_gnp,50,0.96,3728,191952,27,135.232000
superdense_gnp,50,0.96,4029,31928,31,46.353240
superdense_gnp,50,0.96,482,27496,31,43.336516
superdense_gnp,50,0.96,56,18144,33,33.368070
superdense_gnp,50,0.96,7821,24648,32,19.350924
superdense_gnp,50,0.96,917,44240,29,27.185860
superdense_gnp,50,0.96,91928,103680,30,80.183173
superdense_gnp,50,0.96,92839,25664,32,41.389133
superdense_gnp,50,0.96,9291,74000,29,51.845141
superdense_gnp,50,0.96,934,71040,31,54.791257
superdense_gnp,50,0.96,93728,15932,32,14.313273
superdense_gnp,50,0.96,94029,11300,32,7.971335
superdense_gnp,50,0.96,9482,97064,29,61.933156
superdense_gnp,50,0.96,956,16224,32,28.372324
superdense_gnp,50,0.96,97821,52160,31,33.035696
superdense_gnp,50,0.98,17,6144,37,8.461900
superdense_gnp,50,0.98,1928,1256,37,5.892230
superdense_gnp,50,0.98,2839,960,39,1.873004
superdense_gnp,50,0.98,291,1920,38,2.433968
superdense_gnp,50,0.98,34,4800,36,8.452331
superdense_gnp,50,0.98,3728,4608,37,3.126376
superdense_gnp,50,0.98,4029,14688,34,20.095014
superdense_gnp,50,0.98,482,1296,38,5.852979
superdense_gnp,50,0.98,56,2048,39,5.519557
superdense_gnp,50,0.98,7821,2560,38,6.973792
superdense_gnp,50,0.98,917,2432,37,9.252364
superdense_gnp,50,0.98,91928,4096,38,6.818395
superdense_gnp,50,0.98,92839,24576,34,31.822972
superdense_gnp,50,0.98,9291,4096,37,10.250396
superdense_gnp,50,0.98,934,512,41,4.370109
superdense_gnp,50,0.98,93728,3200,37,5.726147
superdense_gnp,50,0.98,94029,1920,38,7.137012
superdense_gnp,50,0.98,9482,3968,36,10.055538
superdense_gnp,50,0.98,956,288,41,4.196693
superdense_gnp,50,0.98,97821,1232,38,6.086878
dense_gnp,50,0.9,17,45195,21,57.315738
dense_gnp,50,0.9,1928,53373,20,39.842776
dense_gnp,50,0.9,2839,44934,22,34.720965
dense_gnp,50,0.9,291,92161,22,90.991109
dense_gnp,50,0.9,34,48283,21,53.191331
dense_gnp,50,0.9,3728,63400,19,60.279523
dense_gnp,50,0.9,4029,74223,22,46.721584
dense_gnp,50,0.9,482,90132,22,81.752923
dense_gnp,50,0.9,56,113490,23,70.496814
dense_gnp,50,0.9,7821,56140,23,61.754571
dense_gnp,50,0.9,917,80321,23,67.894179
dense_gnp,50,0.9,91928,76893,22,50.436233
dense_gnp,50,0.9,92839,50652,22,33.509709
dense_gnp,50,0.9,9291,76604,21,57.522539
dense_gnp,50,0.9,934,79427,22,54.523624
dense_gnp,50,0.9,93728,58332,22,38.568593
dense_gnp,50,0.9,94029,31683,24,24.519599
dense_gnp,50,0.9,9482,47216,23,57.221104
dense_gnp,50,0.9,956,144984,23,110.551840
dense_gnp,50,0.9,97821,111298,22,63.118293
dense_gnp,55,0.6,17,2803,10,6.852198
dense_gnp,55,0.6,1928,3235,9,2.797772
dense_gnp,55,0.6,2839,3334,9,3.027759
dense_gnp,55,0.6,291,3363,9,2.853715
dense_gnp,55,0.6,34,3445,9,2.875505
dense_gnp,55,0.6,3728,3004,9,6.103989
dense_gnp,55,0.6,4029,2994,9,6.208052
dense_gnp,55,0.6,482,3148,10,2.946184
dense_gnp,55,0.6,56,3018,11,8.014496
dense_gnp,55,0.6,7821,3196,10,2.865030
dense_gnp,55,0.6,917,2838,9,2.505835
dense_gnp,55,0.6,91928,3402,9,2.793791
dense_gnp,55,0.6,92839,3340,10,2.679601
dense_gnp,55,0.6,9291,3220,10,7.171164
dense_gnp,55,0.6,934,3227,9,6.741709
dense_gnp,55,0.6,93728,3453,10,7.036230
dense_gnp,55,0.6,94029,3313,10,2.816420
dense_gnp,55,0.6,9482,2874,9,6.910865
dense_gnp,55,0.6,956,4032,9,8.839742
dense_gnp,55,0.6,97821,3580,10,3.014979
dense_gnp,55,0.7,17,8128,12,17.723692
dense_gnp,55,0.7,1928,9048,11,7.332986
dense_gnp,55,0.7,2839,8844,12,7.030713
dense_gnp,55,0.7,291,11910,12,10.310529
dense_gnp,55,0.7,34,11114,13,26.205636
dense_gnp,55,0.7,3728,8453,13,19.149921
dense_gnp,55,0.7,4029,9361,11,20.437445
dense_gnp,55,0.7,482,11588,12,9.264377
dense_gnp,55,0.7,56,10082,13,10.262269
dense_gnp,55,0.7,7821,8871,12,7.161944
dense_gnp,55,0.7,917,8857,11,18.398569
dense_gnp,55,0.7,91928,11011,11,8.502408
dense_gnp,55,0.7,92839,8509,12,18.165509
dense_gnp,55,0.7,9291,8763,11,16.850886
dense_gnp,55,0.7,934,9156,13,17.480365
dense_gnp,55,0.7,93728,8962,13,19.369852
dense_gnp,55,0.7,94029,9065,12,19.536632
dense_gnp,55,0.7,9482,7724,12,10.231260
dense_gnp,55,0.7,956,11844,12,25.131688
dense_gnp,55,0.7,97821,9591,12,7.872020
superdense_gnp,55,0.854545,17,74424,18,82.994143
superdense_gnp,55,0.854545,1928,73531,18,53.220734
superdense_gnp,55,0.854545,2839,61046,19,44.017399
superdense_gnp,55,0.854545,291,100439,19,77.602955
superdense_gnp,55,0.854545,34,101058,20,101.383143
superdense_gnp,55,0.854545,3728,60458,17,46.589444
superdense_gnp,55,0.854545,4029,53808,20,66.206185
superdense_gnp,55,0.854545,482,74889,19,55.001198
superdense_gnp,55,0.854545,56,94229,20,73.822306
superdense_gnp,55,0.854545,7821,83136,20,77.208212
superdense_gnp,55,0.854545,917,82188,19,90.780331
superdense_gnp,55,0.854545,91928,129278,20,91.271664
superdense_gnp,55,0.854545,92839,55459,21,46.304423
superdense_gnp,55,0.854545,9291,71025,19,54.545205
superdense_gnp,55,0.854545,934,70036,20,76.762975
superdense_gnp,55,0.854545,93728,55774,19,45.793394
superdense_gnp,55,0.854545,94029,93091,19,95.283697
superdense_gnp,55,0.854545,9482,80968,19,89.911435
superdense_gnp,55,0.854545,956,103106,22,81.335554
superdense_gnp,55,0.854545,97821,125087,20,89.179638
dense_gnp,55,0.8,17,36288,16,44.786910
dense_gnp,55,0.8,1928,35537,16,50.190810
dense_gnp,55,0.8,2839,37316,15,51.773134
dense_gnp,55,0.8,291,47286,16,62.635339
dense_gnp,55,0.8,34,46415,16,36.012261
dense_gnp,55,0.8,3728,25450,14,21.260385
dense_gnp,55,0.8,4029,29689,16,21.681109
dense_gnp,55,0.8,482,47790,15,57.866227
dense_gnp,55,0.8,56,36646,16,29.238844
dense_gnp,55,0.8,7821,42308,16,31.061841
dense_gnp,55,0.8,917,33422,15,31.778273
dense_gnp,55,0.8,91928,59245,17,67.139195
dense_gnp,55,0.8,92839,25470,17,45.604963
dense_gnp,55,0.8,9291,33351,16,25.112551
dense_gnp,55,0.8,934,38534,16,32.685512
dense_gnp,55,0.8,93728,32169,16,24.425243
dense_gnp,55,0.8,94029,35780,15,26.422285
dense_gnp,55,0.8,9482,35311,16,51.425954
dense_gnp,55,0.8,956,27327,17,19.957706
dense_gnp,55,0.8,97821,39599,16,54.832672
superdense_gnp,55,0.927273,17,225158,26,162.349625
superdense_gnp,55,0.927273,1928,254271,26,187.017985
superdense_gnp,55,0.927273,2839,377886,26,318.503280
superdense_gnp,55,0.927273,291,232333,27,193.187974
superdense_gnp,55,0.927273,34,210520,27,144.802771
superdense_gnp,55,0.927273,3728,124769,28,126.047103
superdense_gnp,55,0.927273,4029,338129,25,248.838277
superdense_gnp,55,0.927273,482,216848,28,193.290920
superdense_gnp,55,0.927273,56,104305,28,102.916858
superdense_gnp,55,0.927273,7821,204181,28,178.511317
superdense_gnp,55,0.927273,917,341254,25,304.079806
superdense_gnp,55,0.927273,91928,231523,29,143.462031
superdense_gnp,55,0.927273,92839,228989,26,169.224246
superdense_gnp,55,0.927273,9291,203080,26,187.017502
superdense_gnp,55,0.927273,934,318163,25,164.719833
superdense_gnp,55,0.927273,93728,131806,27,120.622115
superdense_gnp,55,0.927273,94029,346252,25,230.588685
superdense_gnp,55,0.927273,9482,127474,27,115.886107
superdense_gnp,55,0.927273,956,220152,27,175.249873
superdense_gnp,55,0.927273,97821,310559,27,199.774291
superdense_gnp,55,0.963636,17,167948,33,97.857626
superdense_gnp,55,0.963636,1928,143824,34,93.260183
superdense_gnp,55,0.963636,2839,44928,36,29.677936
superdense_gnp,55,0.963636,291,79552,34,42.064497
superdense_gnp,55,0.963636,34,43368,33,53.956582
superdense_gnp,55,0.963636,3728,80208,35,59.934856
superdense_gnp,55,0.963636,4029,185832,32,133.048762
superdense_gnp,55,0.963636,482,129120,33,97.324387
superdense_gnp,55,0.963636,56,16640,38,12.867837
superdense_gnp,55,0.963636,7821,49200,36,55.020893
superdense_gnp,55,0.963636,917,149568,33,101.721877
superdense_gnp,55,0.963636,91928,156672,36,108.636373
superdense_gnp,55,0.963636,92839,125480,33,109.277516
superdense_gnp,55,0.963636,9291,132888,34,98.042776
superdense_gnp,55,0.963636,934,165760,32,112.026190
superdense_gnp,55,0.963636,93728,103065,32,89.808141
superdense_gnp,55,0.963636,94029,86498,33,61.683962
superdense_gnp,55,0.963636,9482,61240,33,69.067793
superdense_gnp,55,0.963636,956,61056,34,71.275406
superdense_gnp,55,0.963636,97821,59712,35,64.651310
superdense_gnp,55,0.981818,17,17280,39,17.619419
superdense_gnp,55,0.981818,1928,9344,40,18.291013
superdense_gnp,55,0.981818,2839,432,45,2.149225
superdense_gnp,55,0.981818,291,1536,44,6.341658
superdense_gnp,55,0.981818,34,5040,41,3.742375
superdense_gnp,55,0.981818,3728,12288,40,23.799255
superdense_gnp,55,0.981818,4029,165888,36,106.840052
superdense_gnp,55,0.981818,482,13824,40,17.410524
superdense_gnp,55,0.981818,56,2048,44,2.887169
superdense_gnp,55,0.981818,7821,3072,43,8.561075
superdense_gnp,55,0.981818,917,32256,38,22.029827
superdense_gnp,55,0.981818,91928,1280,44,6.214129
superdense_gnp,55,0.981818,92839,27648,38,44.982467
superdense_gnp,55,0.981818,9291,4672,41,10.941615
superdense_gnp,55,0.981818,934,768,45,2.107740
superdense_gnp,55,0.981818,93728,5376,41,12.583793
superdense_gnp,55,0.981818,94029,6144,41,4.227772
superdense_gnp,55,0.981818,9482,11200,39,22.791866
superdense_gnp,55,0.981818,956,320,46,1.949759
superdense_gnp,55,0.981818,97821,12096,40,6.898922
dense_gnp,55,0.9,17,115968,23,138.269328
dense_gnp,55,0.9,1928,168176,23,116.515724
dense_gnp,55,0.9,2839,189026,23,141.696301
dense_gnp,55,0.9,291,226678,23,156.539738
dense_gnp,55,0.9,34,161701,23,145.217279
dense_gnp,55,0.9,3728,96646,23,73.616135
dense_gnp,55,0.9,4029,151314,23,103.242528
dense_gnp,55,0.9,482,156959,24,110.931285
dense_gnp,55,0.9,56,179662,24,143.190066
dense_gnp,55,0.9,7821,128450,24,114.480339
dense_gnp,55,0.9,917,203816,22,183.254592
dense_gnp,55,0.9,91928,257123,25,170.561358
dense_gnp,55,0.9,92839,99205,24,81.852101
dense_gnp,55,0.9,9291,150579,22,137.844278
dense_gnp,55,0.9,934,203145,23,174.092184
dense_gnp,55,0.9,93728,96873,23,92.850217
dense_gnp,55,0.9,94029,226999,23,161.836365
dense_gnp,55,0.9,9482,139012,22,119.007175
dense_gnp,55,0.9,956,204438,24,191.537210
dense_gnp,55,0.9,97821,283442,23,190.038207
dense_gnp,60,0.6,17,4132,10,3.843715
dense_gnp,60,0.6,1928,4398,9,3.819550
dense_gnp,60,0.6,2839,4705,10,4.137537
dense_gnp,60,0.6,291,5231,11,12.124726
dense_gnp,60,0.6,34,5410,10,12.201203
dense_gnp,60,0.6,3728,4374,9,10.371011
dense_gnp,60,0.6,4029,4638,10,11.218047
dense_gnp,60,0.6,482,4717,10,4.242439
dense_gnp,60,0.6,56,5522,10,13.154675
dense_gnp,60,0.6,7821,5514,9,12.938307
dense_gnp,60,0.6,917,4397,10,4.158141
dense_gnp,60,0.6,91928,4821,9,9.191322
dense_gnp,60,0.6,92839,5304,10,4.475848
dense_gnp,60,0.6,9291,4737,10,3.878147
dense_gnp,60,0.6,934,4730,10,11.452085
dense_gnp,60,0.6,93728,4749,10,3.922217
dense_gnp,60,0.6,94029,5153,9,4.270794
dense_gnp,60,0.6,9482,4226,9,3.731271
dense_gnp,60,0.6,956,5582,10,12.224250
dense_gnp,60,0.6,97821,5750,10,17.288442
dense_gnp,60,0.7,17,14502,11,29.744843
dense_gnp,60,0.7,1928,14585,12,20.936391
dense_gnp,60,0.7,2839,14289,13,28.932031
dense_gnp,60,0.7,291,19907,12,18.797432
dense_gnp,60,0.7,34,20114,12,39.063975
dense_gnp,60,0.7,3728,13181,12,28.572278
dense_gnp,60,0.7,4029,14616,12,33.704007
dense_gnp,60,0.7,482,17997,12,15.476339
dense_gnp,60,0.7,56,19794,13,40.495023
dense_gnp,60,0.7,7821,17848,12,40.049436
dense_gnp,60,0.7,917,14913,12,30.574979
dense_gnp,60,0.7,91928,16159,12,36.622884
dense_gnp,60,0.7,92839,15730,12,35.803436
dense_gnp,60,0.7,9291,12379,12,27.621879
dense_gnp,60,0.7,934,15512,13,12.959399
dense_gnp,60,0.7,93728,14447,13,33.480026
dense_gnp,60,0.7,94029,15188,12,12.981679
dense_gnp,60,0.7,9482,13700,12,30.776330
dense_gnp,60,0.7,956,18658,12,39.161894
dense_gnp,60,0.7,97821,18265,12,38.416967
superdense_gnp,60,0.866667,17,292534,21,259.404774
superdense_gnp,60,0.866667,1928,205821,21,209.577280
superdense_gnp,60,0.866667,2839,205575,21,191.296743
superdense_gnp,60,0.866667,291,315860,22,332.660599
superdense_gnp,60,0.866667,34,377646,21,324.026191
superdense_gnp,60,0.866667,3728,258002,20,218.293401
superdense_gnp,60,0.866667,4029,260830,20,212.495527
superdense_gnp,60,0.866667,482,241695,21,220.143637
superdense_gnp,60,0.866667,56,352243,22,318.215675
superdense_gnp,60,0.866667,7821,239223,21,189.454818
superdense_gnp,60,0.866667,917,244317,21,241.992091
superdense_gnp,60,0.866667,91928,242875,21,202.628844
superdense_gnp,60,0.866667,92839,325880,19,236.197709
superdense_gnp,60,0.866667,9291,234648,20,215.439622
superdense_gnp,60,0.866667,934,205844,22,201.564114
superdense_gnp,60,0.866667,93728,238384,21,214.025545
superdense_gnp,60,0.866667,94029,304879,21,262.584515
superdense_gnp,60,0.866667,9482,181197,20,155.873457
superdense_gnp,60,0.866667,956,236956,21,218.154702
superdense_gnp,60,0.866667,97821,263015,21,214.924473
dense_gnp,60,0.8,17,75146,15,98.600737
dense_gnp,60,0.8,1928,61982,17,66.083054
dense_gnp,60,0.8,2839,55698,16,86.492773
dense_gnp,60,0.8,291,87496,17,83.484429
dense_gnp,60,0.8,34,85439,16,77.110504
dense_gnp,60,0.8,3728,52065,16,50.995242
dense_gnp,60,0.8,4029,65683,16,63.728914
dense_gnp,60,0.8,482,75237,16,96.700006
dense_gnp,60,0.8,56,118501,16,130.595099
dense_gnp,60,0.8,7821,86667,17,75.238827
dense_gnp,60,0.8,917,56852,16,55.992386
dense_gnp,60,0.8,91928,74620,17,83.397269
dense_gnp,60,0.8,92839,79234,15,57.671371
dense_gnp,60,0.8,9291,62643,16,54.523764
dense_gnp,60,0.8,934,78183,16,68.774390
dense_gnp,60,0.8,93728,79289,16,84.250031
dense_gnp,60,0.8,94029,75741,17,83.657428
dense_gnp,60,0.8,9482,55565,16,58.298476
dense_gnp,60,0.8,956,64612,16,55.178597
dense_gnp,60,0.8,97821,61918,18,53.929485
superdense_gnp,60,0.933333,17,785978,28,630.438828
superdense_gnp,60,0.933333,1928,678118,29,793.022072
superdense_gnp,60,0.933333,2839,651888,30,669.408727
superdense_gnp,60,0.933333,291,1128510,27,856.507869
superdense_gnp,60,0.933333,34,554483,28,418.983168
superdense_gnp,60,0.933333,3728,1525588,27,1417.683560
superdense_gnp,60,0.933333,4029,869481,27,716.854496
superdense_gnp,60,0.933333,482,473520,29,478.751941
superdense_gnp,60,0.933333,56,1123490,28,1187.703128
superdense_gnp,60,0.933333,7821,611623,28,650.771791
superdense_gnp,60,0.933333,917,822878,27,641.121278
superdense_gnp,60,0.933333,91928,573734,30,636.369416
superdense_gnp,60,0.933333,92839,972250,27,812.452776
superdense_gnp,60,0.933333,9291,1013462,28,975.783186
superdense_gnp,60,0.933333,934,444142,30,349.002420
superdense_gnp,60,0.933333,93728,401869,30,406.497582
superdense_gnp,60,0.933333,94029,365266,29,478.444442
superdense_gnp,60,0.933333,9482,478809,28,453.570538
superdense_gnp,60,0.933333,956,614136,31,596.143560
superdense_gnp,60,0.933333,97821,689009,29,706.864696
superdense_gnp,60,0.966667,17,26024,40,48.740625
superdense_gnp,60,0.966667,1928,485568,36,437.997177
superdense_gnp,60,0.966667,2839,150336,39,163.242197
superdense_gnp,60,0.966667,291,417360,37,318.579199
superdense_gnp,60,0.966667,34,125800,40,119.050753
superdense_gnp,60,0.966667,3728,1154560,35,788.046788
superdense_gnp,60,0.966667,4029,2068336,34,1642.751706
superdense_gnp,60,0.966667,482,301888,37,225.597053
superdense_gnp,60,0.966667,56,268800,39,176.635450
superdense_gnp,60,0.966667,7821,86400,41,99.580680
superdense_gnp,60,0.966667,917,420864,37,345.139708
superdense_gnp,60,0.966667,91928,385536,37,313.170907
superdense_gnp,60,0.966667,92839,384720,35,333.694677
superdense_gnp,60,0.966667,9291,854592,35,771.121541
superdense_gnp,60,0.966667,934,490176,36,414.882656
superdense_gnp,60,0.966667,93728,161788,38,153.359519
superdense_gnp,60,0.966667,94029,117388,37,143.771568
superdense_gnp,60,0.966667,9482,314452,35,213.952282
superdense_gnp,60,0.966667,956,91584,39,111.272323
superdense_gnp,60,0.966667,97821,158976,38,155.320244
superdense_gnp,60,0.983333,17,4032,47,11.951520
superdense_gnp,60,0.983333,1928,138240,41,110.516428
superdense_gnp,60,0.983333,2839,2880,47,5.252414
superdense_gnp,60,0.983333,291,6912,46,17.808130
superdense_gnp,60,0.983333,34,24576,44,42.570637
superdense_gnp,60,0.983333,3728,4096,48,4.916477
superdense_gnp,60,0.983333,4029,967680,38,546.730208
superdense_gnp,60,0.983333,482,141312,41,76.298249
superdense_gnp,60,0.983333,56,6144,46,5.191303
superdense_gnp,60,0.983333,7821,26880,44,14.522657
superdense_gnp,60,0.983333,917,71680,43,54.877720
superdense_gnp,60,0.983333,91928,24576,45,9.863336
superdense_gnp,60,0.983333,92839,176640,41,71.066581
superdense_gnp,60,0.983333,9291,16384,45,11.259043
superdense_gnp,60,0.983333,934,2048,48,7.810001
superdense_gnp,60,0.983333,93728,9664,45,8.073233
superdense_gnp,60,0.983333,94029,5120,46,5.219449
superdense_gnp,60,0.983333,9482,47040,42,32.202838
superdense_gnp,60,0.983333,956,2160,47,4.755633
superdense_gnp,60,0.983333,97821,2304,48,3.994502
dense_gnp,60,0.9,17,448913,23,414.949904
dense_gnp,60,0.9,1928,350386,24,417.498552
dense_gnp,60,0.9,2839,404591,24,419.470940
dense_gnp,60,0.9,291,485011,24,501.061761
dense_gnp,60,0.9,34,668946,24,628.030561
dense_gnp,60,0.9,3728,397881,22,380.208544
dense_gnp,60,0.9,4029,714232,24,580.419409
dense_gnp,60,0.9,482,509446,23,482.148812
dense_gnp,60,0.9,56,656696,23,738.958145
dense_gnp,60,0.9,7821,364968,25,337.517012
dense_gnp,60,0.9,917,402319,24,478.838207
dense_gnp,60,0.9,91928,509415,25,479.515179
dense_gnp,60,0.9,92839,621544,24,496.607087
dense_gnp,60,0.9,9291,487584,25,481.181172
dense_gnp,60,0.9,934,453328,24,533.404225
dense_gnp,60,0.9,93728,485195,24,407.281131
dense_gnp,60,0.9,94029,607073,24,529.639012
dense_gnp,60,0.9,9482,392608,22,377.554096
dense_gnp,60,0.9,956,467700,26,529.120999
dense_gnp,60,0.9,97821,342964,25,348.109080
dense_gnp,65,0.6,17,6438,9,6.333137
dense_gnp,65,0.6,1928,7183,10,6.132065
dense_gnp,65,0.6,2839,6794,11,16.122092
dense_gnp,65,0.6,291,7535,10,6.500129
dense_gnp,65,0.6,34,6940,10,7.310077
dense_gnp,65,0.6,3728,6479,10,16.127191
dense_gnp,65,0.6,4029,6744,10,16.343139
dense_gnp,65,0.6,482,6771,10,16.021451
dense_gnp,65,0.6,56,7383,10,6.694636
dense_gnp,65,0.6,7821,7322,10,14.179317
dense_gnp,65,0.6,917,6178,10,10.346916
dense_gnp,65,0.6,91928,7519,10,17.427426
dense_gnp,65,0.6,92839,7725,10,19.487465
dense_gnp,65,0.6,9291,6998,10,16.451464
dense_gnp,65,0.6,934,7498,11,17.027026
dense_gnp,65,0.6,93728,7144,10,8.149850
dense_gnp,65,0.6,94029,7766,11,6.788573
dense_gnp,65,0.6,9482,6153,10,14.394010
dense_gnp,65,0.6,956,9197,10,19.002766
dense_gnp,65,0.6,97821,8621,10,7.189043
dense_gnp,65,0.7,17,22146,12,42.511132
dense_gnp,65,0.7,1928,24541,13,20.034461
dense_gnp,65,0.7,2839,25661,14,28.287535
dense_gnp,65,0.7,291,34465,12,25.784704
dense_gnp,65,0.7,34,27514,13,23.307503
dense_gnp,65,0.7,3728,22127,12,19.659832
dense_gnp,65,0.7,4029,21942,12,30.729536
dense_gnp,65,0.7,482,28227,12,23.408354
dense_gnp,65,0.7,56,28213,13,22.733058
dense_gnp,65,0.7,7821,26662,13,22.437001
dense_gnp,65,0.7,917,21995,12,18.595172
dense_gnp,65,0.7,91928,26538,13,48.610792
dense_gnp,65,0.7,92839,27211,12,48.166252
dense_gnp,65,0.7,9291,21941,12,43.642282
dense_gnp,65,0.7,934,29610,14,23.791923
dense_gnp,65,0.7,93728,26709,13,21.169871
dense_gnp,65,0.7,94029,26242,13,21.830012
dense_gnp,65,0.7,9482,19295,12,41.694479
dense_gnp,65,0.7,956,28743,13,23.053211
dense_gnp,65,0.7,97821,28519,14,23.467650
superdense_gnp,65,0.876923,17,562501,22,636.006228
superdense_gnp,65,0.876923,1928,691638,22,762.772977
superdense_gnp,65,0.876923,2839,612356,23,721.381261
superdense_gnp,65,0.876923,291,737372,24,865.879595
superdense_gnp,65,0.876923,34,692848,21,778.902054
superdense_gnp,65,0.876923,3728,596113,22,624.856696
superdense_gnp,65,0.876923,4029,894369,21,758.073148
superdense_gnp,65,0.876923,482,812184,22,819.936461
superdense_gnp,65,0.876923,56,486499,24,540.875276
superdense_gnp,65,0.876923,7821,651415,23,537.862533
superdense_gnp,65,0.876923,917,529440,23,647.044239
superdense_gnp,65,0.876923,91928,666783,23,670.546810
superdense_gnp,65,0.876923,92839,586848,23,666.997196
superdense_gnp,65,0.876923,9291,735586,23,954.356092
superdense_gnp,65,0.876923,934,734360,23,897.306797
superdense_gnp,65,0.876923,93728,595251,22,567.880888
superdense_gnp,65,0.876923,94029,860386,23,784.481064
superdense_gnp,65,0.876923,9482,534674,21,663.184630
superdense_gnp,65,0.876923,956,659842,24,784.588619
superdense_gnp,65,0.876923,97821,835678,24,736.757466
dense_gnp,65,0.8,17,129089,16,146.778232
dense_gnp,65,0.8,1928,133941,17,146.693375
dense_gnp,65,0.8,2839,143869,16,152.840386
dense_gnp,65,0.8,291,169233,18,172.867583
dense_gnp,65,0.8,34,119431,17,162.231035
dense_gnp,65,0.8,3728,100367,16,104.709614
dense_gnp,65,0.8,4029,117546,17,124.946685
dense_gnp,65,0.8,482,134313,16,165.919424
dense_gnp,65,0.8,56,154011,17,198.052490
dense_gnp,65,0.8,7821,155209,17,154.340647
dense_gnp,65,0.8,917,108755,17,134.152678
dense_gnp,65,0.8,91928,180420,17,169.525892
dense_gnp,65,0.8,92839,134947,17,133.449026
dense_gnp,65,0.8,9291,118200,17,132.475089
dense_gnp,65,0.8,934,157216,17,170.922717
dense_gnp,65,0.8,93728,130923,17,151.494967
dense_gnp,65,0.8,94029,169069,17,169.336831
dense_gnp,65,0.8,9482,104652,18,111.476888
dense_gnp,65,0.8,956,142553,17,170.868381
dense_gnp,65,0.8,97821,120119,17,118.134788
superdense_gnp,65,0.938462,17,2437790,30,2329.308849
superdense_gnp,65,0.938462,1928,1692520,31,2120.760890
superdense_gnp,65,0.938462,2839,6510036,29,5443.868048
superdense_gnp,65,0.938462,291,1667133,33,1840.513660
superdense_gnp,65,0.938462,34,1820191,30,2153.671570
superdense_gnp,65,0.938462,3728,3277273,30,3434.123577
superdense_gnp,65,0.938462,4029,2203345,29,2238.140971
superdense_gnp,65,0.938462,482,3440762,31,3602.918785
superdense_gnp,65,0.938462,56,1012825,34,1236.471902
superdense_gnp,65,0.938462,7821,1958536,32,2110.577054
superdense_gnp,65,0.938462,917,3342148,31,2927.730828
superdense_gnp,65,0.938462,91928,1810830,33,2141.017986
superdense_gnp,65,0.938462,92839,2252093,30,2492.681849
superdense_gnp,65,0.938462,9291,970123,32,962.954601
superdense_gnp,65,0.938462,934,1515994,32,1557.084148
superdense_gnp,65,0.938462,93728,2419899,30,2889.125569
superdense_gnp,65,0.938462,94029,2698590,31,3283.978095
superdense_gnp,65,0.938462,9482,2973818,29,3496.590333
superdense_gnp,65,0.938462,956,897094,33,900.396364
superdense_gnp,65,0.938462,97821,4115370,30,4102.219599
superdense_gnp,65,0.969231,17,1157648,39,985.879350
superdense_gnp,65,0.969231,1928,81184,43,111.445038
superdense_gnp,65,0.969231,2839,1300608,40,1178.880710
superdense_gnp,65,0.969231,291,1168128,40,983.056505
superdense_gnp,65,0.969231,34,652800,41,478.026780
superdense_gnp,65,0.969231,3728,196320,43,160.230711
superdense_gnp,65,0.969231,4029,2434824,37,1951.502773
superdense_gnp,65,0.969231,482,1762704,40,1627.381109
superdense_gnp,65,0.969231,56,56480,46,86.052213
superdense_gnp,65,0.969231,7821,265536,43,249.818220
superdense_gnp,65,0.969231,917,464640,41,323.104154
superdense_gnp,65,0.969231,91928,592128,42,615.192771
superdense_gnp,65,0.969231,92839,638278,39,608.409855
superdense_gnp,65,0.969231,9291,405716,41,339.138526
superdense_gnp,65,0.969231,934,149340,42,129.735076
superdense_gnp,65,0.969231,93728,1643392,39,1294.061937
superdense_gnp,65,0.969231,94029,216876,42,230.749740
superdense_gnp,65,0.969231,9482,2718864,38,3119.358132
superdense_gnp,65,0.969231,956,200672,42,140.964019
superdense_gnp,65,0.969231,97821,1879280,39,1329.586777
superdense_gnp,65,0.984615,17,62208,47,58.042856
superdense_gnp,65,0.984615,1928,21792,47,47.482784
superdense_gnp,65,0.984615,2839,107520,46,48.584600
superdense_gnp,65,0.984615,291,25344,49,36.338769
superdense_gnp,65,0.984615,34,74880,46,61.487707
superdense_gnp,65,0.984615,3728,36864,49,14.332689
superdense_gnp,65,0.984615,4029,135072,44,112.175648
superdense_gnp,65,0.984615,482,33792,48,41.860421
superdense_gnp,65,0.984615,56,13824,50,22.224753
superdense_gnp,65,0.984615,7821,46080,48,26.638932
superdense_gnp,65,0.984615,917,92160,47,27.215752
superdense_gnp,65,0.984615,91928,16896,50,12.160346
superdense_gnp,65,0.984615,92839,34560,48,26.747326
superdense_gnp,65,0.984615,9291,36864,48,48.091243
superdense_gnp,65,0.984615,934,6912,51,15.748861
superdense_gnp,65,0.984615,93728,60544,47,59.177289
superdense_gnp,65,0.984615,94029,5376,51,6.421487
superdense_gnp,65,0.984615,9482,58560,46,65.006034
superdense_gnp,65,0.984615,956,18944,48,38.764149
superdense_gnp,65,0.984615,97821,44544,47,26.396095
dense_gnp,65,0.9,17,1293540,23,1517.980885
dense_gnp,65,0.9,1928,1489192,26,1867.589800
dense_gnp,65,0.9,2839,1229282,25,1536.545188
dense_gnp,65,0.9,291,1010821,27,1131.127850
dense_gnp,65,0.9,34,1086043,24,1316.202712
dense_gnp,65,0.9,3728,1090746,23,1396.231815
dense_gnp,65,0.9,4029,1632539,25,1858.422154
dense_gnp,65,0.9,482,1871038,25,2012.276706
dense_gnp,65,0.9,56,835968,26,1074.100696
dense_gnp,65,0.9,7821,1041055,27,1179.719994
dense_gnp,65,0.9,917,1275596,25,1525.793158
dense_gnp,65,0.9,91928,911468,27,1067.026916
dense_gnp,65,0.9,92839,969047,25,1215.242277
dense_gnp,65,0.9,9291,1215279,26,1187.496988
dense_gnp,65,0.9,934,1033411,25,1279.900989
dense_gnp,65,0.9,93728,1160615,24,1258.115956
dense_gnp,65,0.9,94029,1612185,26,1675.160760
dense_gnp,65,0.9,9482,1167255,24,1294.293532
dense_gnp,65,0.9,956,1090008,27,1304.472760
dense_gnp,65,0.9,97821,1331971,27,1446.227522
